Employee_ID,Name,Country,Shift,Dependency
E001,Employee 1,UK,Morning,None
E002,Employee 2,India,Night,UK Dependent
E003,Employee 3,US,Afternoon,None
E004,Employee 4,India,Morning,None
E005,Employee 5,US,Afternoon,None
E006,Employee 6,US,Morning,None
E007,Employee 7,US,Morning,None
E008,Employee 8,US,Morning,None
E009,Employee 9,UK,Afternoon,None
E010,Employee 10,UK,Afternoon,None
E011,Employee 11,UK,Night,None
E012,Employee 12,UK,Night,None
E013,Employee 13,US,Morning,None
E014,Employee 14,US,Morning,None
E015,Employee 15,India,Night,None
E016,Employee 16,UK,Morning,None
E017,Employee 17,US,Afternoon,None
E018,Employee 18,UK,Afternoon,None
E019,Employee 19,India,Afternoon,US Dependent
E020,Employee 20,US,Morning,None
E021,Employee 21,India,Morning,UK Dependent
E022,Employee 22,US,Morning,None
E023,Employee 23,US,Morning,None
E024,Employee 24,UK,Night,None
E025,Employee 25,India,Night,UK Dependent
E026,Employee 26,US,Morning,None
E027,Employee 27,UK,Morning,None
E028,Employee 28,India,Afternoon,None
E029,Employee 29,India,Morning,US Dependent
E030,Employee 30,US,Morning,None
E031,Employee 31,US,Afternoon,None
E032,Employee 32,UK,Afternoon,None
E033,Employee 33,UK,Night,None
E034,Employee 34,India,Afternoon,None
E035,Employee 35,US,Afternoon,None
E036,Employee 36,UK,Morning,None
E037,Employee 37,India,Afternoon,UK Dependent
E038,Employee 38,UK,Night,None
E039,Employee 39,UK,Night,None
E040,Employee 40,UK,Afternoon,None
E041,Employee 41,India,Night,UK Dependent
E042,Employee 42,UK,Morning,None
E043,Employee 43,UK,Morning,None
E044,Employee 44,US,Morning,None
E045,Employee 45,UK,Afternoon,None
E046,Employee 46,US,Morning,None
E047,Employee 47,UK,Morning,None
E048,Employee 48,US,Morning,None
E049,Employee 49,US,Morning,None
E050,Employee 50,UK,Morning,None
E051,Employee 51,UK,Afternoon,None
E052,Employee 52,UK,Afternoon,None
E053,Employee 53,US,Afternoon,None
E054,Employee 54,India,Morning,UK Dependent
E055,Employee 55,UK,Morning,None
E056,Employee 56,UK,Morning,None
E057,Employee 57,US,Night,None
E058,Employee 58,India,Afternoon,None
E059,Employee 59,US,Morning,None
E060,Employee 60,India,Morning,US Dependent
E061,Employee 61,UK,Morning,None
E062,Employee 62,US,Morning,None
E063,Employee 63,UK,Afternoon,None
E064,Employee 64,India,Morning,None
E065,Employee 65,US,Afternoon,None
E066,Employee 66,India,Afternoon,UK Dependent
E067,Employee 67,UK,Night,None
E068,Employee 68,UK,Night,None
E069,Employee 69,India,Afternoon,UK Dependent
E070,Employee 70,US,Night,None
E071,Employee 71,US,Morning,None
E072,Employee 72,India,Night,None
E073,Employee 73,US,Morning,None
E074,Employee 74,India,Night,UK Dependent
E075,Employee 75,US,Afternoon,None
E076,Employee 76,US,Night,None
E077,Employee 77,US,Morning,None
E078,Employee 78,India,Morning,UK Dependent
E079,Employee 79,US,Morning,None
E080,Employee 80,US,Afternoon,None
E081,Employee 81,US,Morning,None
E082,Employee 82,UK,Morning,None
E083,Employee 83,India,Afternoon,US Dependent
E084,Employee 84,India,Night,None
E085,Employee 85,India,Morning,None
E086,Employee 86,India,Afternoon,US Dependent
E087,Employee 87,UK,Afternoon,None
E088,Employee 88,India,Night,None
E089,Employee 89,India,Night,None
E090,Employee 90,India,Afternoon,US Dependent
E091,Employee 91,India,Afternoon,US Dependent
E092,Employee 92,US,Morning,None
E093,Employee 93,India,Morning,UK Dependent
E094,Employee 94,India,Night,UK Dependent
E095,Employee 95,India,Night,UK Dependent
E096,Employee 96,UK,Night,None
E097,Employee 97,UK,Afternoon,None
E098,Employee 98,US,Morning,None
E099,Employee 99,US,Afternoon,None
E100,Employee 100,UK,Morning,None
E101,Employee 101,UK,Morning,None
E102,Employee 102,India,Morning,US Dependent
E103,Employee 103,US,Night,None
E104,Employee 104,India,Morning,None
E105,Employee 105,India,Afternoon,UK Dependent
E106,Employee 106,US,Morning,None
E107,Employee 107,India,Morning,None
E108,Employee 108,India,Night,US Dependent
E109,Employee 109,US,Night,None
E110,Employee 110,UK,Night,None
E111,Employee 111,UK,Morning,None
E112,Employee 112,US,Morning,None
E113,Employee 113,India,Morning,US Dependent
E114,Employee 114,UK,Morning,None
E115,Employee 115,US,Afternoon,None
E116,Employee 116,India,Afternoon,UK Dependent
E117,Employee 117,US,Morning,None
E118,Employee 118,UK,Afternoon,None
E119,Employee 119,US,Afternoon,None
E120,Employee 120,India,Morning,None
E121,Employee 121,US,Afternoon,None
E122,Employee 122,US,Morning,None
E123,Employee 123,UK,Night,None
E124,Employee 124,India,Night,None
E125,Employee 125,India,Morning,UK Dependent
E126,Employee 126,UK,Morning,None
E127,Employee 127,India,Morning,None
E128,Employee 128,UK,Morning,None
E129,Employee 129,India,Morning,UK Dependent
E130,Employee 130,India,Night,US Dependent
E131,Employee 131,UK,Afternoon,None
E132,Employee 132,India,Afternoon,UK Dependent
E133,Employee 133,India,Afternoon,None
E134,Employee 134,India,Night,US Dependent
E135,Employee 135,UK,Night,None
E136,Employee 136,US,Morning,None
E137,Employee 137,UK,Afternoon,None
E138,Employee 138,India,Afternoon,UK Dependent
E139,Employee 139,US,Night,None
E140,Employee 140,UK,Morning,None
E141,Employee 141,US,Morning,None
E142,Employee 142,UK,Afternoon,None
E143,Employee 143,India,Afternoon,US Dependent
E144,Employee 144,US,Morning,None
E145,Employee 145,US,Morning,None
E146,Employee 146,UK,Morning,None
E147,Employee 147,India,Morning,UK Dependent
E148,Employee 148,India,Afternoon,UK Dependent
E149,Employee 149,India,Afternoon,US Dependent
E150,Employee 150,US,Morning,None
E151,Employee 151,US,Afternoon,None
E152,Employee 152,UK,Afternoon,None
E153,Employee 153,India,Night,UK Dependent
E154,Employee 154,India,Afternoon,None
E155,Employee 155,India,Night,US Dependent
E156,Employee 156,US,Night,None
E157,Employee 157,India,Night,UK Dependent
E158,Employee 158,UK,Night,None
E159,Employee 159,UK,Night,None
E160,Employee 160,UK,Night,None
E161,Employee 161,US,Night,None
E162,Employee 162,UK,Night,None
E163,Employee 163,UK,Afternoon,None
E164,Employee 164,US,Morning,None
E165,Employee 165,UK,Night,None
E166,Employee 166,India,Afternoon,UK Dependent
E167,Employee 167,US,Night,None
E168,Employee 168,UK,Morning,None
E169,Employee 169,US,Morning,None
E170,Employee 170,US,Afternoon,None
E171,Employee 171,UK,Night,None
E172,Employee 172,India,Night,UK Dependent
E173,Employee 173,US,Night,None
E174,Employee 174,UK,Afternoon,None
E175,Employee 175,UK,Afternoon,None
E176,Employee 176,India,Night,UK Dependent
E177,Employee 177,India,Afternoon,None
E178,Employee 178,UK,Night,None
E179,Employee 179,UK,Morning,None
E180,Employee 180,UK,Morning,None
E181,Employee 181,India,Night,US Dependent
E182,Employee 182,US,Night,None
E183,Employee 183,US,Morning,None
E184,Employee 184,US,Night,None
E185,Employee 185,US,Morning,None
E186,Employee 186,UK,Morning,None
E187,Employee 187,India,Afternoon,US Dependent
E188,Employee 188,US,Afternoon,None
E189,Employee 189,India,Morning,US Dependent
E190,Employee 190,UK,Afternoon,None
E191,Employee 191,India,Morning,US Dependent
E192,Employee 192,India,Night,US Dependent
E193,Employee 193,UK,Morning,None
E194,Employee 194,India,Afternoon,None
E195,Employee 195,US,Afternoon,None
E196,Employee 196,US,Night,None
E197,Employee 197,UK,Afternoon,None
E198,Employee 198,US,Morning,None
E199,Employee 199,UK,Afternoon,None
E200,Employee 200,India,Night,US Dependent
E201,Employee 201,US,Afternoon,None
E202,Employee 202,India,Afternoon,UK Dependent
E203,Employee 203,UK,Afternoon,None
E204,Employee 204,India,Night,UK Dependent
E205,Employee 205,India,Night,US Dependent
E206,Employee 206,India,Afternoon,None
E207,Employee 207,UK,Night,None
E208,Employee 208,US,Afternoon,None
E209,Employee 209,US,Morning,None
E210,Employee 210,India,Afternoon,US Dependent
E211,Employee 211,US,Morning,None
E212,Employee 212,US,Night,None
E213,Employee 213,US,Night,None
E214,Employee 214,India,Afternoon,UK Dependent
E215,Employee 215,US,Morning,None
E216,Employee 216,UK,Night,None
E217,Employee 217,UK,Night,None
E218,Employee 218,UK,Night,None
E219,Employee 219,US,Night,None
E220,Employee 220,US,Night,None
E221,Employee 221,US,Morning,None
E222,Employee 222,US,Afternoon,None
E223,Employee 223,UK,Afternoon,None
E224,Employee 224,UK,Night,None
E225,Employee 225,US,Morning,None
E226,Employee 226,India,Morning,None
E227,Employee 227,US,Morning,None
E228,Employee 228,UK,Afternoon,None
E229,Employee 229,India,Morning,None
E230,Employee 230,India,Afternoon,US Dependent
E231,Employee 231,India,Morning,UK Dependent
E232,Employee 232,US,Morning,None
E233,Employee 233,UK,Afternoon,None
E234,Employee 234,UK,Afternoon,None
E235,Employee 235,UK,Night,None
E236,Employee 236,UK,Morning,None
E237,Employee 237,India,Night,US Dependent
E238,Employee 238,India,Night,US Dependent
E239,Employee 239,US,Night,None
E240,Employee 240,UK,Morning,None
E241,Employee 241,US,Afternoon,None
E242,Employee 242,UK,Afternoon,None
E243,Employee 243,UK,Night,None
E244,Employee 244,US,Morning,None
E245,Employee 245,India,Afternoon,US Dependent
E246,Employee 246,US,Afternoon,None
E247,Employee 247,India,Night,US Dependent
E248,Employee 248,India,Afternoon,None
E249,Employee 249,India,Night,US Dependent
E250,Employee 250,US,Night,None
E251,Employee 251,India,Night,US Dependent
E252,Employee 252,UK,Afternoon,None
E253,Employee 253,US,Night,None
E254,Employee 254,US,Morning,None
E255,Employee 255,US,Night,None
E256,Employee 256,US,Afternoon,None
E257,Employee 257,UK,Afternoon,None
E258,Employee 258,UK,Night,None
E259,Employee 259,UK,Afternoon,None
E260,Employee 260,India,Afternoon,None
E261,Employee 261,India,Afternoon,None
E262,Employee 262,UK,Night,None
E263,Employee 263,India,Night,US Dependent
E264,Employee 264,UK,Morning,None
E265,Employee 265,India,Morning,None
E266,Employee 266,India,Night,UK Dependent
E267,Employee 267,US,Afternoon,None
E268,Employee 268,US,Night,None
E269,Employee 269,India,Night,US Dependent
E270,Employee 270,UK,Night,None
E271,Employee 271,UK,Afternoon,None
E272,Employee 272,India,Afternoon,UK Dependent
E273,Employee 273,India,Morning,None
E274,Employee 274,UK,Morning,None
E275,Employee 275,US,Morning,None
E276,Employee 276,US,Night,None
E277,Employee 277,US,Afternoon,None
E278,Employee 278,US,Afternoon,None
E279,Employee 279,UK,Morning,None
E280,Employee 280,UK,Afternoon,None
E281,Employee 281,India,Morning,US Dependent
E282,Employee 282,India,Night,None
E283,Employee 283,UK,Afternoon,None
E284,Employee 284,India,Morning,UK Dependent
E285,Employee 285,US,Morning,None
E286,Employee 286,UK,Afternoon,None
E287,Employee 287,India,Afternoon,None
E288,Employee 288,India,Night,None
E289,Employee 289,UK,Morning,None
E290,Employee 290,India,Night,UK Dependent
E291,Employee 291,India,Afternoon,None
E292,Employee 292,India,Morning,UK Dependent
E293,Employee 293,India,Night,US Dependent
E294,Employee 294,US,Afternoon,None
E295,Employee 295,US,Night,None
E296,Employee 296,India,Afternoon,US Dependent
E297,Employee 297,UK,Morning,None
E298,Employee 298,India,Night,None
E299,Employee 299,India,Night,US Dependent
E300,Employee 300,UK,Night,None
